Sr_No,Product_Id,Image_1,Image_2,Image_3,Image_4
1,sr001,sr001_1.jpg,sr001_2.jpg,sr001_3.jpg,sr001_4.jpg
2,sr002,sr002_1.jpg,sr002_2.jpg,sr002_3.jpg,sr002_4.jpg
3,sr003,sr003_1.jpg,sr003_2.jpg,sr003_3.jpg,sr003_4.jpg
4,sr004,sr004_1.jpg,sr004_2.jpg,sr004_3.jpg,sr004_4.jpg
5,sr005,sr005_1.jpg,sr005_2.jpg,sr005_3.jpg,sr005_4.jpg
6,sr006,sr006_1.jpg,sr006_2.jpg,sr006_3.jpg,sr006_4.jpg
7,sr007,sr007_1.jpg,sr007_2.jpg,sr007_3.jpg,sr007_4.jpg
8,sr008,sr008_1.jpg,sr008_2.jpg,sr008_3.jpg,sr008_4.jpg
9,sr009,sr009_1.jpg,sr009_2.jpg,sr009_3.jpg,sr009_4.jpg
10,sr010,sr010_1.jpg,sr010_2.jpg,sr010_3.jpg,sr010_4.jpg
11,sr011,sr011_1.jpg,sr011_2.jpg,sr011_3.jpg,sr011_4.jpg
12,sr012,sr012_1.jpg,sr012_2.jpg,sr012_3.jpg,sr012_4.jpg
13,wr001,wr001_1.jpg,wr001_2.jpg,wr001_3.jpg,wr001_4.jpg
14,wr002,wr002_1.jpg,wr002_2.jpg,wr002_3.jpg,wr002_4.jpg
15,wr003,wr003_1.jpg,wr003_2.jpg,wr003_3.jpg,wr003_4.jpg
16,wr004,wr004_1.jpg,wr004_2.jpg,wr004_3.jpg,wr004_4.jpg
17,wr005,wr005_1.jpg,wr005_2.jpg,wr005_3.jpg,wr005_4.jpg
18,wr006,wr006_1.jpg,wr006_2.jpg,wr006_3.jpg,wr006_4.jpg
19,wr007,wr007_1.jpg,wr007_2.jpg,wr007_3.jpg,wr007_4.jpg
20,wr008,wr008_1.jpg,wr008_2.jpg,wr008_3.jpg,wr008_4.jpg
21,wr009,wr009_1.jpg,wr009_2.jpg,wr009_3.jpg,wr009_4.jpg
22,wr010,wr010_1.jpg,wr010_2.jpg,wr010_3.jpg,wr010_4.jpg
23,wr011,wr011_1.jpg,wr011_2.jpg,wr011_3.jpg,wr011_4.jpg
24,wr012,wr012_1.jpg,wr012_2.jpg,wr012_3.jpg,wr012_4.jpg
25,ks001,ks001_1.jpg,ks001_2.jpg,ks001_3.jpg,ks001_4.jpg
26,ks002,ks002_1.jpg,ks002_2.jpg,ks002_3.jpg,ks002_4.jpg
27,ks003,ks003_1.jpg,ks003_2.jpg,ks003_3.jpg,ks003_4.jpg
28,ks004,ks004_1.jpg,ks004_2.jpg,ks004_3.jpg,ks004_4.jpg
29,ks005,ks005_1.jpg,ks005_2.jpg,ks005_3.jpg,ks005_4.jpg
30,ks006,ks006_1.jpg,ks006_2.jpg,ks006_3.jpg,ks006_4.jpg
31,ks007,ks007_1.jpg,ks007_2.jpg,ks007_3.jpg,ks007_4.jpg
32,ks008,ks008_1.jpg,ks008_2.jpg,ks008_3.jpg,ks008_4.jpg
33,ks009,ks009_1.jpg,ks009_2.jpg,ks009_3.jpg,ks009_4.jpg
34,ks010,ks010_1.jpg,ks010_2.jpg,ks010_3.jpg,ks010_4.jpg
35,ks011,ks011_1.jpg,ks011_2.jpg,ks011_3.jpg,ks011_4.jpg
36,ks012,ks012_1.jpg,ks012_2.jpg,ks012_3.jpg,ks012_4.jpg
37,tp001,tp001_1.jpg,tp001_2.jpg,tp001_3.jpg,tp001_4.jpg
38,tp002,tp002_1.jpg,tp002_2.jpg,tp002_3.jpg,tp002_4.jpg
39,tp003,tp003_1.jpg,tp003_2.jpg,tp003_3.jpg,tp003_4.jpg
40,tp004,tp004_1.jpg,tp004_2.jpg,tp004_3.jpg,tp004_4.jpg
41,tp005,tp005_1.jpg,tp005_2.jpg,tp005_3.jpg,tp005_4.jpg
42,tp006,tp006_1.jpg,tp006_2.jpg,tp006_3.jpg,tp006_4.jpg
43,tp007,tp007_1.jpg,tp007_2.jpg,tp007_3.jpg,tp007_4.jpg
44,tp008,tp008_1.jpg,tp008_2.jpg,tp008_3.jpg,tp008_4.jpg
45,tp009,tp009_1.jpg,tp009_2.jpg,tp009_3.jpg,tp009_4.jpg
46,tp010,tp010_1.jpg,tp010_2.jpg,tp010_3.jpg,tp010_4.jpg
47,tp011,tp011_1.jpg,tp011_2.jpg,tp011_3.jpg,tp011_4.jpg
48,tp012,tp012_1.jpg,tp012_2.jpg,tp012_3.jpg,tp012_4.jpg
49,jt001,jt001_1.jpg,jt001_2.jpg,jt001_3.jpg,jt001_4.jpg
50,jt002,jt002_1.jpg,jt002_2.jpg,jt002_3.jpg,jt002_4.jpg
51,jt003,jt003_1.jpg,jt003_2.jpg,jt003_3.jpg,jt003_4.jpg
52,jt004,jt004_1.jpg,jt004_2.jpg,jt004_3.jpg,jt004_4.jpg
53,jt005,jt005_1.jpg,jt005_2.jpg,jt005_3.jpg,jt005_4.jpg
54,jt006,jt006_1.jpg,jt006_2.jpg,jt006_3.jpg,jt006_4.jpg
55,jt007,jt007_1.jpg,jt007_2.jpg,jt007_3.jpg,jt007_4.jpg
56,jt008,jt008_1.jpg,jt008_2.jpg,jt008_3.jpg,jt008_4.jpg
57,jt009,jt009_1.jpg,jt009_2.jpg,jt009_3.jpg,jt009_4.jpg
58,jt010,jt010_1.jpg,jt010_2.jpg,jt010_3.jpg,jt010_4.jpg
59,jt011,jt011_1.jpg,jt011_2.jpg,jt011_3.jpg,jt011_4.jpg
60,jt012,jt012_1.jpg,jt012_2.jpg,jt012_3.jpg,jt012_4.jpg
61,cr001,cr001_1.jpg,cr001_2.jpg,cr001_3.jpg,cr001_4.jpg
62,cr002,cr002_1.jpg,cr002_2.jpg,cr002_3.jpg,cr002_4.jpg
63,cr003,cr003_1.jpg,cr003_2.jpg,cr003_3.jpg,cr003_4.jpg
64,cr004,cr004_1.jpg,cr004_2.jpg,cr004_3.jpg,cr004_4.jpg
65,cr005,cr005_1.jpg,cr005_2.jpg,cr005_3.jpg,cr005_4.jpg
66,cr006,cr006_1.jpg,cr006_2.jpg,cr006_3.jpg,cr006_4.jpg
67,cr007,cr007_1.jpg,cr007_2.jpg,cr007_3.jpg,cr007_4.jpg
68,cr008,cr008_1.jpg,cr008_2.jpg,cr008_3.jpg,cr008_4.jpg
69,cr009,cr009_1.jpg,cr009_2.jpg,cr009_3.jpg,cr009_4.jpg
70,cr010,cr010_1.jpg,cr010_2.jpg,cr010_3.jpg,cr010_4.jpg
71,cr011,cr011_1.jpg,cr011_2.jpg,cr011_3.jpg,cr011_4.jpg
72,cr012,cr012_1.jpg,cr012_2.jpg,cr012_3.jpg,cr012_4.jpg
